fundos,setor,preco_atual,p_vp,dy_12m_media,pl,quantidade_ativos,R$1.000,R$10.000,R$100.000
GSFI11,SHOPPINGS,"R$ 7,90","0,55","0,00%","1.071.517.626,29",9,"R$ 0,80","R$ 8,00","R$ 80,00"
GURB11,INDEFINIDO,"105,00","0,94","0,08%","126.189.048,78",2,"R$ 0,80","R$ 8,00","R$ 80,00"
TJKB11,INDEFINIDO,"262,16","0,98","0,08%","202.746.905,04",7,"R$ 0,90","R$ 9,00","R$ 90,00"
ATSA11,SHOPPINGS,"R$ 57,50","0,7","0,08%","143.373.897,92",1,"R$ 1,20","R$ 12,00","R$ 120,00"
YUFI11,FUNDO DE DESENVOLVIMENTO,"R$ 89,99","0,88","0,09%","50.098.006,90",28,"R$ 1,40","R$ 14,00","R$ 140,00"
BRIM11,FUNDO DE DESENVOLVIMENTO,"1.030,22","0,89","0,12%","143.097.842,63",1,"R$ 1,40","R$ 14,00","R$ 140,00"
SEED11,INDEFINIDO,"R$ 98,99","1,11","0,14%","146.542.434,60",0,"R$ 1,60","R$ 16,00","R$ 160,00"
BTSG11,IMÓVEIS INDUSTRIAIS E LOGÍSTICOS,"R$ 139,08","1,01","0,14%","106.746.178,22",1,"R$ 1,80","R$ 18,00","R$ 180,00"
RBVO11,PAPÉIS,"R$ 8,49","0,47","0,16%","9.306.848,49",0,"R$ 1,90","R$ 19,00","R$ 190,00"
CCME11,INDEFINIDO,"R$ 108,85","1,07","0,18%","306.443.211,76",2,"R$ 2,00","R$ 20,00","R$ 200,00"
BLCA11,INDEFINIDO,128,"0,94","0,19%","217.802.295,64",1,"R$ 2,30","R$ 23,00","R$ 230,00"
ERPA11,LAJES CORPORATIVAS,"R$ 119,00","0,87","0,20%","68.348.147,51",2,"R$ 2,30","R$ 23,00","R$ 230,00"
HBCR11,INDEFINIDO,116,"1,13","0,23%","115.283.619,73",4,"R$ 2,60","R$ 26,00","R$ 260,00"
TRNT11,LAJES CORPORATIVAS,"R$ 123,00","0,63","0,23%","773.997.393,87",1,"R$ 2,80","R$ 28,00","R$ 280,00"
BICE11,FUNDO DE FUNDOS,980,"0,99","0,26%","89.018.475,76",0,"R$ 3,20","R$ 32,00","R$ 320,00"
HUSI11,HOSPITALAR,"R$ 1.136,79","1,02","0,28%","129.367.556,42",0,"R$ 3,50","R$ 35,00","R$ 350,00"
CARE11,MISTO,"1,82","0,22","0,32%","297.666.193,03",1,"R$ 3,70","R$ 37,00","R$ 370,00"
CNES11,LAJES CORPORATIVAS,"R$ 25,85","0,28","0,35%","267.683.433,14",1,"R$ 3,80","R$ 38,00","R$ 380,00"
BPRP11,IMÓVEIS INDUSTRIAIS E LOGÍSTICOS,"R$ 97,00","0,89","0,37%","147.332.908,30",1,"R$ 3,80","R$ 38,00","R$ 380,00"
TSER11,LAJES CORPORATIVAS,"R$ 102,00","1,01","0,38%","129.147.505,71",1,"R$ 3,90","R$ 39,00","R$ 390,00"
BRLA11,IMÓVEIS INDUSTRIAIS E LOGÍSTICOS,"R$ 147,95","0,94","0,38%","495.911.210,39",6,"R$ 4,00","R$ 40,00","R$ 400,00"
KEVE11,FUNDO DE DESENVOLVIMENTO,"1.084,86","1,18","0,39%","136.061.479,50",0,"R$ 4,10","R$ 41,00","R$ 410,00"
CTXT11,LAJES CORPORATIVAS,"R$ 12,16","0,38","0,40%","107.894.241,20",1,"R$ 4,20","R$ 42,00","R$ 420,00"
BLCP11,IMÓVEIS INDUSTRIAIS E LOGÍSTICOS,"R$ 91,00","0,81","0,41%","256.580.339,90",2,"R$ 4,30","R$ 43,00","R$ 430,00"
FMOF11,LAJES CORPORATIVAS,"R$ 54,01","0,45","0,42%","60.435.612,12",2,"R$ 4,40","R$ 44,00","R$ 440,00"
BLUR11,PAPÉIS,"R$ 100,00","1,05","0,43%","8.580.360,32",0,"R$ 4,40","R$ 44,00","R$ 440,00"
HUCG11,HOSPITALAR,"R$ 101,99","0,99","0,44%","115.061.656,48",2,"R$ 4,50","R$ 45,00","R$ 450,00"
SCPF11,SHOPPINGS,"R$ 5,00","0,43","0,44%","49.092.959,05",1,"R$ 4,60","R$ 46,00","R$ 460,00"
BPML11,SHOPPINGS,"R$ 76,40","0,58","0,45%","570.021.556,31",4,"R$ 5,10","R$ 51,00","R$ 510,00"
HSRE11,MISTO,"R$ 102,67","1,1","0,46%","830.382.224,69",27,"R$ 5,10","R$ 51,00","R$ 510,00"
HCRA11,INDEFINIDO,"R$ 102,90",N/A,"0,51%",N/A,0,"R$ 5,10","R$ 51,00","R$ 510,00"
HAAA11,LAJES CORPORATIVAS,"R$ 59,59","0,74","0,51%","279.416.181,84",2,"R$ 5,10","R$ 51,00","R$ 510,00"
SHPH11,SHOPPINGS,"792,12","0,89","0,51%","542.318.124,24",1,"R$ 5,20","R$ 52,00","R$ 520,00"
RBGS11,SHOPPINGS,"R$ 28,45","0,31","0,51%","97.865.283,71",1,"R$ 5,40","R$ 54,00","R$ 540,00"
DRIT11B,LAJES CORPORATIVAS,"R$ 92,90","0,7","0,52%","61.446.184,81",4,"R$ 5,40","R$ 54,00","R$ 540,00"
RMAI11,LAJES CORPORATIVAS,"R$ 50,99","0,51","0,54%","242.344.280,94",2,"R$ 5,60","R$ 56,00","R$ 560,00"
ONEF11,LAJES CORPORATIVAS,"R$ 201,80","0,88","0,54%","209.516.806,41",1,"R$ 5,60","R$ 56,00","R$ 560,00"
BICR11,PAPÉIS,"87,12","0,86","0,56%","50.897.643,19",0,"R$ 5,70","R$ 57,00","R$ 570,00"
RBRP11,LAJES CORPORATIVAS,"R$ 58,97","0,72","0,56%","1.003.838.610,33",10,"R$ 5,80","R$ 58,00","R$ 580,00"
RBIR11,FUNDO DE DESENVOLVIMENTO,"R$ 84,10","0,81","0,57%","158.500.274,98",0,"R$ 5,80","R$ 58,00","R$ 580,00"
RCRB11,LAJES CORPORATIVAS,"R$ 151,26","0,73","0,58%","769.030.231,50",9,"R$ 5,80","R$ 58,00","R$ 580,00"
EDGA11,LAJES CORPORATIVAS,"R$ 19,80","0,32","0,58%","233.462.987,56",1,"R$ 6,10","R$ 61,00","R$ 610,00"
XPPR11,LAJES CORPORATIVAS,"R$ 22,54","0,32","0,58%","515.697.388,77",5,"R$ 6,10","R$ 61,00","R$ 610,00"
CBOP11,LAJES CORPORATIVAS,"R$ 31,88","0,43","0,61%","104.424.568,13",1,"R$ 6,10","R$ 61,00","R$ 610,00"
HGPO11,LAJES CORPORATIVAS,"279,18","0,93","0,61%","524.362.205,21",2,"R$ 6,30","R$ 63,00","R$ 630,00"
RBLG11,IMÓVEIS INDUSTRIAIS E LOGÍSTICOS,"R$ 100,51","0,99","0,61%","65.108.777,70",1,"R$ 6,30","R$ 63,00","R$ 630,00"
WTSP11B,MISTO,"R$ 36,50","0,5","0,63%","71.984.230,05",2,"R$ 6,30","R$ 63,00","R$ 630,00"
TRXB11,FUNDO DE DESENVOLVIMENTO,"R$ 119,00","1,09","0,63%","313.127.824,30",12,"R$ 6,30","R$ 63,00","R$ 630,00"
HPDP11,SHOPPINGS,"R$ 84,26","0,94","0,63%","260.246.309,56",1,"R$ 6,40","R$ 64,00","R$ 640,00"
PLRI11,PAPÉIS,"R$ 17,98","0,61","0,63%","28.147.285,60",0,"R$ 6,40","R$ 64,00","R$ 640,00"
DAMT11B,SHOPPINGS,"R$ 17,41","1,32","0,64%","96.266.043,23",1,"R$ 6,50","R$ 65,00","R$ 650,00"
JSRE11,MISTO,"R$ 76,20","0,68","0,64%","2.343.584.658,59",6,"R$ 6,50","R$ 65,00","R$ 650,00"
PVBI11,LAJES CORPORATIVAS,"R$ 105,20","1,04","0,65%","1.226.742.660,75",3,"R$ 6,70","R$ 67,00","R$ 670,00"
HBRH11,LAJES CORPORATIVAS,"R$ 93,95","0,84","0,65%","310.626.828,68",5,"R$ 6,70","R$ 67,00","R$ 670,00"
KNRI11,MISTO,"R$ 162,50","1,01","0,67%","3.869.076.579,67",19,"R$ 6,70","R$ 67,00","R$ 670,00"
HGRE11,LAJES CORPORATIVAS,"R$ 138,50","0,89","0,67%","1.835.305.009,11",17,"R$ 6,70","R$ 67,00","R$ 670,00"
IBFF11,FUNDO DE FUNDOS,"R$ 66,40","4,49","0,67%","9.855.905,16",0,"R$ 6,70","R$ 67,00","R$ 670,00"
BRCO11,IMÓVEIS INDUSTRIAIS E LOGÍSTICOS,"R$ 126,29","1,05","0,67%","1.785.988.780,45",10,"R$ 6,80","R$ 68,00","R$ 680,00"
WPLZ11,SHOPPINGS,"R$ 65,78","0,75","0,67%","89.618.455,74",1,"R$ 6,90","R$ 69,00","R$ 690,00"
VILG11,IMÓVEIS INDUSTRIAIS E LOGÍSTICOS,"R$ 106,88","0,96","0,68%","1.678.321.852,08",14,"R$ 6,90","R$ 69,00","R$ 690,00"
TMPS11,FUNDO DE FUNDOS,"R$ 105,00","0,97","0,69%","106.293.705,07",0,"R$ 6,90","R$ 69,00","R$ 690,00"
QIRI11,PAPÉIS,"78,04","0,87","0,69%","13.441.852,95",0,"R$ 7,00","R$ 70,00","R$ 700,00"
XPID11,FUNDO DE DESENVOLVIMENTO,"89,09",N/A,"0,69%",N/A,0,"R$ 7,00","R$ 70,00","R$ 700,00"
FLMA11,LAJES CORPORATIVAS,"140,8","0,88","0,70%","220.651.347,80",2,"R$ 7,00","R$ 70,00","R$ 700,00"
HUSC11,HOSPITALAR,"R$ 119,90","0,83","0,70%","119.148.478,11",2,"R$ 7,00","R$ 70,00","R$ 700,00"
VINO11,LAJES CORPORATIVAS,"R$ 9,17","0,17","0,70%","900.631.675,97",10,"R$ 7,10","R$ 71,00","R$ 710,00"
FLRP11,SHOPPINGS,"R$ 1.965,00","1,08","0,70%","119.040.327,27",1,"R$ 7,10","R$ 71,00","R$ 710,00"
FCFL11,EDUCACIONAL,"R$ 116,50",1,"0,71%","403.741.891,82",1,"R$ 7,10","R$ 71,00","R$ 710,00"
TEPP11,LAJES CORPORATIVAS,"R$ 90,00","0,95","0,71%","401.241.306,21",5,"R$ 7,20","R$ 72,00","R$ 720,00"
HOFC11,LAJES CORPORATIVAS,"R$ 23,33","0,26","0,71%","337.189.582,50",4,"R$ 7,20","R$ 72,00","R$ 720,00"
LVBI11,IMÓVEIS INDUSTRIAIS E LOGÍSTICOS,"R$ 118,27","1,02","0,72%","1.363.563.218,56",8,"R$ 7,30","R$ 73,00","R$ 730,00"
HLOG11,IMÓVEIS INDUSTRIAIS E LOGÍSTICOS,"92,4","0,8","0,72%","490.815.421,64",5,"R$ 7,30","R$ 73,00","R$ 730,00"
HGBS11,SHOPPINGS,"R$ 231,00","1,02","0,73%","2.264.344.680,70",12,"R$ 7,30","R$ 73,00","R$ 730,00"
XPLG11,IMÓVEIS INDUSTRIAIS E LOGÍSTICOS,"R$ 113,30","1,02","0,73%","3.017.112.409,31",20,"R$ 7,30","R$ 73,00","R$ 730,00"
ABCP11,SHOPPINGS,"R$ 68,30","0,74","0,73%","432.552.807,00",1,"R$ 7,40","R$ 74,00","R$ 740,00"
MALL11,SHOPPINGS,"R$ 116,70","0,97","0,73%","1.092.773.094,77",9,"R$ 7,40","R$ 74,00","R$ 740,00"
VISC11,SHOPPINGS,"120,81","1,05","0,74%","2.137.514.464,12",20,"R$ 7,40","R$ 74,00","R$ 740,00"
FIIB11,IMÓVEIS INDUSTRIAIS E LOGÍSTICOS,"R$ 512,00","1,11","0,74%","316.273.815,11",9,"R$ 7,50","R$ 75,00","R$ 750,00"
LUGG11,FUNDO DE DESENVOLVIMENTO,"R$ 88,54","0,72","0,74%","139.619.195,54",5,"R$ 7,50","R$ 75,00","R$ 750,00"
RBRS11,FUNDO DE DESENVOLVIMENTO,"R$ 56,20","0,6","0,75%","163.419.300,39",2,"R$ 7,50","R$ 75,00","R$ 750,00"
BTLG11,IMÓVEIS INDUSTRIAIS E LOGÍSTICOS,"R$ 104,53","1,06","0,75%","2.067.981.417,09",20,"R$ 7,60","R$ 76,00","R$ 760,00"
HGLG11,IMÓVEIS INDUSTRIAIS E LOGÍSTICOS,"R$ 161,27","1,05","0,75%","5.176.423.292,15",21,"R$ 7,60","R$ 76,00","R$ 760,00"
BRCR11,LAJES CORPORATIVAS,"R$ 62,88","0,62","0,76%","2.680.791.488,63",9,"R$ 7,60","R$ 76,00","R$ 760,00"
RBRL11,IMÓVEIS INDUSTRIAIS E LOGÍSTICOS,"89,69","0,85","0,76%","703.113.124,45",6,"R$ 7,60","R$ 76,00","R$ 760,00"
LGCP11,IMÓVEIS INDUSTRIAIS E LOGÍSTICOS,"R$ 86,24","0,85","0,76%","293.814.056,79",5,"R$ 7,80","R$ 78,00","R$ 780,00"
ITIT11,FUNDO DE FUNDOS,"R$ 79,95","0,92","0,76%","78.674.097,77",0,"R$ 7,80","R$ 78,00","R$ 780,00"
NVHO11,HOSPITALAR,"10,95","0,78","0,78%","580.731.605,94",4,"R$ 7,80","R$ 78,00","R$ 780,00"
XPCM11,LAJES CORPORATIVAS,"R$ 11,99","0,29","0,78%","100.994.615,18",1,"R$ 7,90","R$ 79,00","R$ 790,00"
XPML11,SHOPPINGS,"R$ 114,66",1,"0,78%","3.050.727.984,48",12,"R$ 7,90","R$ 79,00","R$ 790,00"
CPFF11,FUNDO DE FUNDOS,"R$ 77,53","0,92","0,79%","214.439.976,69",0,"R$ 7,90","R$ 79,00","R$ 790,00"
HGRU11,MISTO,"R$ 136,00","1,1","0,79%","2.276.329.312,59",71,"R$ 7,90","R$ 79,00","R$ 790,00"
EDFO11B,LAJES CORPORATIVAS,"R$ 196,98","1,09","0,79%","42.649.779,25",1,"R$ 7,90","R$ 79,00","R$ 790,00"
EURO11,IMÓVEIS INDUSTRIAIS E LOGÍSTICOS,"R$ 249,49","0,77","0,79%","124.864.282,06",7,"R$ 7,90","R$ 79,00","R$ 790,00"
EVBI11,MISTO,"R$ 97,49","0,99","0,79%","211.079.442,48",6,"R$ 8,00","R$ 80,00","R$ 800,00"
SNID11,FUNDO DE DESENVOLVIMENTO,"R$ 101,18",N/A,"0,79%",N/A,0,"R$ 8,00","R$ 80,00","R$ 800,00"
KNIP11,PAPÉIS,"R$ 92,64","0,93","0,80%","7.984.130.494,79",0,"R$ 8,00","R$ 80,00","R$ 800,00"
FIGS11,SHOPPINGS,"R$ 61,19","0,81","0,80%","216.457.542,22",2,"R$ 8,10","R$ 81,00","R$ 810,00"
RBIF11,FUNDO DE DESENVOLVIMENTO,"99,99",N/A,"0,80%",N/A,0,"R$ 8,10","R$ 81,00","R$ 810,00"
CCRF11,PAPÉIS,"R$ 98,67",1,"0,81%","154.570.326,66",0,"R$ 8,10","R$ 81,00","R$ 810,00"
PQAG11,IMÓVEIS INDUSTRIAIS E LOGÍSTICOS,"R$ 56,99",1,"0,81%","799.051.682,53",1,"R$ 8,10","R$ 81,00","R$ 810,00"
VVPR11,MISTO,"R$ 101,50","1,04","0,81%","226.032.234,18",6,"R$ 8,10","R$ 81,00","R$ 810,00"
HSLG11,IMÓVEIS INDUSTRIAIS E LOGÍSTICOS,"R$ 94,92","0,91","0,81%","1.320.614.382,99",5,"R$ 8,20","R$ 82,00","R$ 820,00"
SNFF11,FUNDO DE FUNDOS,"R$ 91,48","0,98","0,81%","265.411.251,95",0,"R$ 8,20","R$ 82,00","R$ 820,00"
BCFF11,FUNDO DE FUNDOS,"R$ 75,13","0,97","0,82%","1.950.882.562,14",1,"R$ 8,20","R$ 82,00","R$ 820,00"
CXRI11,FUNDO DE FUNDOS,"82,02","0,9","0,82%","144.265.006,25",0,"R$ 8,30","R$ 83,00","R$ 830,00"
OULG11,IMÓVEIS INDUSTRIAIS E LOGÍSTICOS,"R$ 41,50","0,61","0,82%","167.821.953,20",2,"R$ 8,30","R$ 83,00","R$ 830,00"
LASC11,SHOPPINGS,"102,49",1,"0,83%","300.224.466,00",2,"R$ 8,30","R$ 83,00","R$ 830,00"
TRXF11,IMÓVEIS COMERCIAIS - OUTROS,"R$ 113,18","1,07","0,83%","1.271.774.618,80",30,"R$ 8,30","R$ 83,00","R$ 830,00"
HSML11,SHOPPINGS,"R$ 95,29",1,"0,83%","1.503.214.578,48",7,"R$ 8,40","R$ 84,00","R$ 840,00"
PATL11,IMÓVEIS INDUSTRIAIS E LOGÍSTICOS,"R$ 72,87","0,74","0,83%","491.662.611,58",5,"R$ 8,40","R$ 84,00","R$ 840,00"
RCFF11,FUNDO DE FUNDOS,"83,01","0,89","0,84%","30.044.060,32",0,"R$ 8,40","R$ 84,00","R$ 840,00"
HGFF11,FUNDO DE FUNDOS,"R$ 88,86","0,94","0,84%","269.584.670,63",0,"R$ 8,40","R$ 84,00","R$ 840,00"
XPIN11,IMÓVEIS INDUSTRIAIS E LOGÍSTICOS,"R$ 83,77","0,81","0,84%","740.570.598,23",98,"R$ 8,50","R$ 85,00","R$ 850,00"
FAMB11B,LAJES CORPORATIVAS,"R$ 800,00","0,28","0,84%","309.002.614,25",1,"R$ 8,50","R$ 85,00","R$ 850,00"
RNGO11,LAJES CORPORATIVAS,"R$ 46,01","0,53","0,85%","231.625.120,49",4,"R$ 8,50","R$ 85,00","R$ 850,00"
FVPQ11,SHOPPINGS,"R$ 125,44","0,65","0,85%","538.683.307,17",1,"R$ 8,50","R$ 85,00","R$ 850,00"
TRBL11,IMÓVEIS INDUSTRIAIS E LOGÍSTICOS,"R$ 100,25","1,05","0,85%","612.048.658,06",5,"R$ 8,60","R$ 86,00","R$ 860,00"
DPRO11,INDEFINIDO,"R$ 94,69","0,98","0,85%","35.963.741,09",1,"R$ 8,60","R$ 86,00","R$ 860,00"
SDIL11,IMÓVEIS INDUSTRIAIS E LOGÍSTICOS,"R$ 96,50","1,01","0,86%","612.048.658,06",5,"R$ 8,60","R$ 86,00","R$ 860,00"
BTAL11,IMÓVEIS INDUSTRIAIS E LOGÍSTICOS,"R$ 90,09","0,86","0,86%","625.743.281,02",9,"R$ 8,60","R$ 86,00","R$ 860,00"
RBRD11,VAREJO,"37,67","0,57","0,86%","122.601.610,47",4,"R$ 8,60","R$ 86,00","R$ 860,00"
MGFF11,FUNDO DE FUNDOS,"R$ 68,30","0,9","0,86%","684.494.404,32",0,"R$ 8,60","R$ 86,00","R$ 860,00"
MFAI11,FUNDO DE FUNDOS,"R$ 67,07","0,9","0,86%","27.420.997,56",0,"R$ 8,70","R$ 87,00","R$ 870,00"
HFOF11,FUNDO DE FUNDOS,"R$ 79,79","0,95","0,86%","1.926.871.672,10",0,"R$ 8,70","R$ 87,00","R$ 870,00"
RBRF11,FUNDO DE FUNDOS,"R$ 87,15","0,98","0,87%","1.211.192.224,53",0,"R$ 8,70","R$ 87,00","R$ 870,00"
BCIA11,FUNDO DE FUNDOS,"R$ 102,15","0,93","0,87%","409.523.791,73",0,"R$ 8,70","R$ 87,00","R$ 870,00"
CRFF11,FUNDO DE FUNDOS,"82,03","0,91","0,87%","62.362.307,70",0,"R$ 8,70","R$ 87,00","R$ 870,00"
PQDP11,SHOPPINGS,"R$ 1.950,01","0,62","0,87%","766.101.130,08",1,"R$ 8,80","R$ 88,00","R$ 880,00"
GGRC11,IMÓVEIS INDUSTRIAIS E LOGÍSTICOS,"R$ 116,92","1,03","0,87%","925.167.589,35",17,"R$ 8,80","R$ 88,00","R$ 880,00"
NSLU11,HOSPITALAR,"R$ 193,14","0,97","0,88%","258.052.426,33",1,"R$ 8,80","R$ 88,00","R$ 880,00"
BTCI11,PAPÉIS,"R$ 9,72","0,94","0,88%","1.024.811.117,16",0,"R$ 8,80","R$ 88,00","R$ 880,00"
VIFI11,FUNDO DE FUNDOS,"R$ 8,48","0,9","0,88%","76.239.072,37",0,"R$ 8,80","R$ 88,00","R$ 880,00"
ZAVI11,INDEFINIDO,"129,21","0,96","0,88%","158.659.136,14",9,"R$ 8,80","R$ 88,00","R$ 880,00"
FIIP11B,IMÓVEIS INDUSTRIAIS E LOGÍSTICOS,"R$ 173,91","0,86","0,88%","188.411.207,67",7,"R$ 8,90","R$ 89,00","R$ 890,00"
KFOF11,FUNDO DE FUNDOS,"R$ 96,60","0,98","0,88%","448.300.299,85",0,"R$ 8,90","R$ 89,00","R$ 890,00"
NCRI11,PAPÉIS,"8,98","0,87","0,89%","40.634.429,35",0,"R$ 8,90","R$ 89,00","R$ 890,00"
MORE11,FUNDO DE FUNDOS,"R$ 77,28","0,9","0,89%","198.130.030,65",0,"R$ 8,90","R$ 89,00","R$ 890,00"
FATN11,LAJES CORPORATIVAS,"R$ 93,96","0,94","0,89%","126.308.555,55",31,"R$ 9,00","R$ 90,00","R$ 900,00"
VCJR11,PAPÉIS,"R$ 91,78","0,95","0,89%","1.425.367.434,14",0,"R$ 9,00","R$ 90,00","R$ 900,00"
RECT11,LAJES CORPORATIVAS,"48,95","0,53","0,90%","790.437.095,33",9,"R$ 9,00","R$ 90,00","R$ 900,00"
VCRR11,IMÓVEIS RESIDENCIAIS,"77,39","0,6","0,90%","256.768.437,00",0,"R$ 9,00","R$ 90,00","R$ 900,00"
BREV11,LAJES CORPORATIVAS,"R$ 107,95","0,92","0,90%","113.858.045,70",13,"R$ 9,10","R$ 91,00","R$ 910,00"
HGIC11,PAPÉIS,"R$ 110,62","0,88","0,90%","57.875.912,12",0,"R$ 9,10","R$ 91,00","R$ 910,00"
KISU11,FUNDO DE FUNDOS,"R$ 8,71","0,94","0,91%","408.493.347,60",0,"R$ 9,10","R$ 91,00","R$ 910,00"
MAXR11,VAREJO,"R$ 74,05","0,6","0,91%","138.814.486,46",8,"R$ 9,10","R$ 91,00","R$ 910,00"
GALG11,IMÓVEIS INDUSTRIAIS E LOGÍSTICOS,"R$ 9,13",1,"0,91%","526.075.325,12",5,"R$ 9,10","R$ 91,00","R$ 910,00"
KDIF11,FUNDO DE DESENVOLVIMENTO,"R$ 135,47",N/A,"0,91%",N/A,0,"R$ 9,20","R$ 92,00","R$ 920,00"
VTLT11,IMÓVEIS INDUSTRIAIS E LOGÍSTICOS,"R$ 96,08","0,95","0,91%","213.846.188,19",1,"R$ 9,20","R$ 92,00","R$ 920,00"
VSLH11,PAPÉIS,"R$ 3,62","0,35","0,92%","305.283.221,57",0,"R$ 9,30","R$ 93,00","R$ 930,00"
VSHO11,SHOPPINGS,"R$ 78,09","0,77","0,92%","212.838.822,52",3,"R$ 9,30","R$ 93,00","R$ 930,00"
RBFF11,FUNDO DE FUNDOS,"R$ 60,60","0,88","0,93%","259.410.163,47",0,"R$ 9,30","R$ 93,00","R$ 930,00"
KCRE11,INDEFINIDO,"98,37","0,94","0,93%","377.087.831,31",0,"R$ 9,40","R$ 94,00","R$ 940,00"
JFLL11,IMÓVEIS RESIDENCIAIS,"R$ 74,00","0,73","0,93%","151.483.911,60",2,"R$ 9,40","R$ 94,00","R$ 940,00"
QAGR11,INDEFINIDO,"R$ 50,51","0,88","0,94%","290.592.274,50",12,"R$ 9,40","R$ 94,00","R$ 940,00"
BLMR11,FUNDO DE FUNDOS,"R$ 7,23","0,89","0,94%","207.511.287,43",0,"R$ 9,40","R$ 94,00","R$ 940,00"
GCFF11,FUNDO DE FUNDOS,"R$ 69,30","0,89","0,94%","27.939.468,78",0,"R$ 9,50","R$ 95,00","R$ 950,00"
SARE11,MISTO,"R$ 54,75","0,58","0,94%","872.840.322,36",3,"R$ 9,50","R$ 95,00","R$ 950,00"
BPFF11,FUNDO DE FUNDOS,"R$ 72,88","0,93","0,95%","351.989.535,10",0,"R$ 9,50","R$ 95,00","R$ 950,00"
KNSC11,PAPÉIS,"R$ 90,88","0,99","0,95%","1.216.887.495,27",0,"R$ 9,50","R$ 95,00","R$ 950,00"
CORM11,LAJES CORPORATIVAS,N/A,N/A,"0,95%",N/A,0,"R$ 9,50","R$ 95,00","R$ 950,00"
BTRA11,INDEFINIDO,"R$ 72,45","0,61","0,95%","400.439.049,61",5,"R$ 9,50","R$ 95,00","R$ 950,00"
CPTS11,PAPÉIS,"R$ 89,63","0,99","0,95%","2.891.181.369,43",0,"R$ 9,60","R$ 96,00","R$ 960,00"
VIUR11,MISTO,"8,41","0,93","0,95%","244.201.443,22",8,"R$ 9,60","R$ 96,00","R$ 960,00"
TORD11,MISTO,"R$ 2,45","0,19","0,96%","441.080.668,28",1,"R$ 9,60","R$ 96,00","R$ 960,00"
FEXC11,PAPÉIS,"R$ 83,50","0,1","0,96%","1.001.470.167,13",0,"R$ 9,60","R$ 96,00","R$ 960,00"
ASMT11,LAJES CORPORATIVAS,"R$ 48,51","0,58","0,96%","85.699.208,49",3,"R$ 9,60","R$ 96,00","R$ 960,00"
MGCR11,PAPÉIS,"R$ 9,40","0,96","0,96%","131.240.792,97",0,"R$ 9,60","R$ 96,00","R$ 960,00"
KNHF11,INDEFINIDO,"104,8","1,02","0,96%","1.032.565.601,21",0,"R$ 9,60","R$ 96,00","R$ 960,00"
SNLG11,IMÓVEIS INDUSTRIAIS E LOGÍSTICOS,"R$ 31,90","0,5","0,96%","119.765.997,95",2,"R$ 9,60","R$ 96,00","R$ 960,00"
CXAG11,AGÊNCIAS DE BANCOS,"R$ 82,64","0,72","0,96%","241.567.834,64",32,"R$ 9,70","R$ 97,00","R$ 970,00"
BIDB11,FUNDO DE DESENVOLVIMENTO,"R$ 88,22",N/A,"0,96%",N/A,0,"R$ 9,70","R$ 97,00","R$ 970,00"
NEWL11,IMÓVEIS INDUSTRIAIS E LOGÍSTICOS,"R$ 104,20","0,88","0,97%","239.636.392,56",3,"R$ 9,70","R$ 97,00","R$ 970,00"
GLOG11,IMÓVEIS INDUSTRIAIS E LOGÍSTICOS,"R$ 68,32","0,64","0,97%","79.755.095,60",1,"R$ 9,70","R$ 97,00","R$ 970,00"
VGIP11,PAPÉIS,"R$ 92,63","0,99","0,97%","1.103.693.956,74",0,"R$ 9,70","R$ 97,00","R$ 970,00"
RBRR11,PAPÉIS,"R$ 90,99","0,96","0,97%","1.270.081.176,60",0,"R$ 9,70","R$ 97,00","R$ 970,00"
RECX11,FUNDO DE FUNDOS,"R$ 68,95","0,9","0,97%","16.740.110,32",0,"R$ 9,80","R$ 98,00","R$ 980,00"
MGLG11,IMÓVEIS INDUSTRIAIS E LOGÍSTICOS,"R$ 40,99","0,55","0,97%","116.088.485,68",2,"R$ 9,80","R$ 98,00","R$ 980,00"
GTWR11,LAJES CORPORATIVAS,"R$ 85,44","0,9","0,98%","1.140.706.652,02",3,"R$ 9,80","R$ 98,00","R$ 980,00"
RFOF11,FUNDO DE FUNDOS,"R$ 80,09","0,96","0,98%","90.246.354,50",0,"R$ 9,80","R$ 98,00","R$ 980,00"
BBFO11,FUNDO DE FUNDOS,"R$ 74,21","0,9","0,98%","331.238.334,63",0,"R$ 9,80","R$ 98,00","R$ 980,00"
RVBI11,FUNDO DE FUNDOS,"R$ 84,99","0,98","0,98%","125.506.186,92",0,"R$ 9,80","R$ 98,00","R$ 980,00"
IRDM11,PAPÉIS,"R$ 83,97","0,94","0,98%","3.262.073.283,21",0,"R$ 9,80","R$ 98,00","R$ 980,00"
BMLC11,LAJES CORPORATIVAS,"R$ 105,07","0,95","0,98%","110.629.236,31",2,"R$ 9,80","R$ 98,00","R$ 980,00"
HCTR11,PAPÉIS,"R$ 46,00","0,41","0,98%","2.469.351.365,39",0,"R$ 9,90","R$ 99,00","R$ 990,00"
KNHY11,PAPÉIS,"R$ 101,84","0,99","0,98%","1.904.351.220,09",0,"R$ 10,00","R$ 100,00","R$ 1.000,00"
IFRA11,FUNDO DE DESENVOLVIMENTO,"R$ 104,74",N/A,"0,99%",N/A,0,"R$ 10,00","R$ 100,00","R$ 1.000,00"
RBED11,EDUCACIONAL,"137,27","0,95","1,00%","339.946.038,11",7,"R$ 10,00","R$ 100,00","R$ 1.000,00"
BBPO11,AGÊNCIAS DE BANCOS,96,"0,96","1,00%","1.589.187.534,13",63,"R$ 10,00","R$ 100,00","R$ 1.000,00"
BIME11,INDEFINIDO,"R$ 7,41","0,84","1,00%","51.644.433,24",2,"R$ 10,10","R$ 101,00","R$ 1.010,00"
CXCE11B,LAJES CORPORATIVAS,"R$ 42,20","0,65","1,00%","111.854.473,67",1,"R$ 10,10","R$ 101,00","R$ 1.010,00"
BCRI11,PAPÉIS,"R$ 71,40","0,72","1,01%","619.928.797,11",0,"R$ 10,10","R$ 101,00","R$ 1.010,00"
RZTR11,MISTO,"97,03",1,"1,01%","1.074.905.610,79",17,"R$ 10,10","R$ 101,00","R$ 1.010,00"
XPSF11,FUNDO DE FUNDOS,"R$ 8,57","0,97","1,01%","381.685.180,11",0,"R$ 10,10","R$ 101,00","R$ 1.010,00"
VRTA11,PAPÉIS,"R$ 90,82","0,96","1,01%","1.470.814.336,50",0,"R$ 10,10","R$ 101,00","R$ 1.010,00"
DVFF11,FUNDO DE FUNDOS,"R$ 85,97","0,89","1,01%","105.791.331,18",0,"R$ 10,10","R$ 101,00","R$ 1.010,00"
PLOG11,IMÓVEIS INDUSTRIAIS E LOGÍSTICOS,"R$ 66,71","0,63","1,01%","79.648.071,76",1,"R$ 10,20","R$ 102,00","R$ 1.020,00"
RECR11,PAPÉIS,"R$ 89,55","0,93","1,01%","2.548.240.436,92",1,"R$ 10,20","R$ 102,00","R$ 1.020,00"
RELG11,IMÓVEIS INDUSTRIAIS E LOGÍSTICOS,"R$ 55,55","0,45","1,02%","164.782.039,95",5,"R$ 10,20","R$ 102,00","R$ 1.020,00"
RZAT11,IMÓVEIS INDUSTRIAIS E LOGÍSTICOS,"R$ 90,16","0,9","1,02%","370.802.272,62",10,"R$ 10,20","R$ 102,00","R$ 1.020,00"
CVBI11,PAPÉIS,"R$ 94,50","0,98","1,02%","1.063.338.891,97",0,"R$ 10,20","R$ 102,00","R$ 1.020,00"
MATV11,INDEFINIDO,"R$ 86,63","0,92","1,02%","39.926.993,67",0,"R$ 10,30","R$ 103,00","R$ 1.030,00"
SPTW11,LAJES CORPORATIVAS,"R$ 41,15","0,73","1,02%","100.695.045,93",1,"R$ 10,30","R$ 103,00","R$ 1.030,00"
RBVA11,VAREJO,"R$ 110,65","1,02","1,03%","1.254.508.454,86",77,"R$ 10,30","R$ 103,00","R$ 1.030,00"
BARI11,PAPÉIS,"R$ 83,39","0,86","1,03%","451.240.748,31",0,"R$ 10,30","R$ 103,00","R$ 1.030,00"
BBRC11,AGÊNCIAS DE BANCOS,"R$ 116,76","1,08","1,03%","171.757.745,92",20,"R$ 10,30","R$ 103,00","R$ 1.030,00"
IRIM11,INDEFINIDO,"R$ 93,12","0,98","1,03%","182.511.074,50",0,"R$ 10,30","R$ 103,00","R$ 1.030,00"
FAED11,EDUCACIONAL,"R$ 164,20","0,75","1,03%","139.756.822,13",3,"R$ 10,30","R$ 103,00","R$ 1.030,00"
XPCI11,PAPÉIS,"87,74","0,93","1,03%","824.443.352,07",0,"R$ 10,40","R$ 104,00","R$ 1.040,00"
CPTI11,FUNDO DE DESENVOLVIMENTO,"R$ 102,89",N/A,"1,03%",N/A,0,"R$ 10,40","R$ 104,00","R$ 1.040,00"
CEOC11,LAJES CORPORATIVAS,"R$ 51,55","0,66","1,04%","142.200.308,68",1,"R$ 10,40","R$ 104,00","R$ 1.040,00"
ALZR11,MISTO,"R$ 116,87","1,1","1,04%","1.049.505.903,99",13,"R$ 10,40","R$ 104,00","R$ 1.040,00"
CXCI11,INDEFINIDO,"90,11","0,92","1,04%","200.740.763,05",0,"R$ 10,40","R$ 104,00","R$ 1.040,00"
ITIP11,PAPÉIS,"R$ 78,25","1,01","1,04%","58.226.271,75",0,"R$ 10,40","R$ 104,00","R$ 1.040,00"
CXCO11,LAJES CORPORATIVAS,"79,85","0,81","1,04%","388.964.047,75",10,"R$ 10,50","R$ 105,00","R$ 1.050,00"
DEVA11,PAPÉIS,"49,69","0,52","1,04%","1.351.401.436,46",0,"R$ 10,50","R$ 105,00","R$ 1.050,00"
ARCT11,IMÓVEIS INDUSTRIAIS E LOGÍSTICOS,"R$ 87,13","0,87","1,05%","371.534.654,03",9,"R$ 10,50","R$ 105,00","R$ 1.050,00"
ALZM11,FUNDO DE FUNDOS,"R$ 93,00","1,01","1,05%","63.914.467,84",0,"R$ 10,50","R$ 105,00","R$ 1.050,00"
SNCI11,PAPÉIS,"99,89","1,01","1,05%","415.451.792,74",0,"R$ 10,50","R$ 105,00","R$ 1.050,00"
BLMG11,IMÓVEIS INDUSTRIAIS E LOGÍSTICOS,"R$ 60,95","0,7","1,05%","333.768.702,70",1,"R$ 10,50","R$ 105,00","R$ 1.050,00"
HOSI11,IMÓVEIS RESIDENCIAIS,"67,59","0,73","1,05%","52.891.698,49",0,"R$ 10,50","R$ 105,00","R$ 1.050,00"
MXRF11,PAPÉIS,"R$ 10,86","1,09","1,05%","2.592.330.747,84",3,"R$ 10,50","R$ 105,00","R$ 1.050,00"
SPXS11,INDEFINIDO,"102,31","1,06","1,05%","119.290.463,55",0,"R$ 10,50","R$ 105,00","R$ 1.050,00"
FPAB11,LAJES CORPORATIVAS,"R$ 203,01","0,54","1,05%","280.814.619,03",2,"R$ 10,60","R$ 106,00","R$ 1.060,00"
BLMC11,PAPÉIS,"R$ 82,45","0,82","1,05%","40.097.779,50",0,"R$ 10,80","R$ 108,00","R$ 1.080,00"
JSAF11,FUNDO DE FUNDOS,"R$ 98,33","0,98","1,06%","157.665.900,22",0,"R$ 10,80","R$ 108,00","R$ 1.080,00"
OUFF11,FUNDO DE FUNDOS,"R$ 73,75","0,94","1,08%","142.277.064,19",3,"R$ 10,80","R$ 108,00","R$ 1.080,00"
HREC11,PAPÉIS,"R$ 84,28","0,9","1,08%","482.876.556,27",0,"R$ 10,80","R$ 108,00","R$ 1.080,00"
QAMI11,PAPÉIS,"R$ 79,71","0,85","1,08%","75.449.690,86",0,"R$ 10,90","R$ 109,00","R$ 1.090,00"
BODB11,INDEFINIDO,"9,71",N/A,"1,08%",N/A,0,"R$ 10,90","R$ 109,00","R$ 1.090,00"
SEQR11,MISTO,"R$ 65,67","0,7","1,09%","150.425.119,96",4,"R$ 11,00","R$ 110,00","R$ 1.100,00"
AFHI11,PAPÉIS,"R$ 97,25","1,01","1,09%","289.711.187,37",0,"R$ 11,00","R$ 110,00","R$ 1.100,00"
MCCI11,PAPÉIS,"R$ 96,10",1,"1,10%","1.626.591.564,89",0,"R$ 11,10","R$ 111,00","R$ 1.110,00"
HGAG11,INDEFINIDO,"R$ 25,00","1,47","1,10%","5.731.825,70",0,"R$ 11,10","R$ 111,00","R$ 1.110,00"
HSAF11,PAPÉIS,"R$ 85,19","0,91","1,11%","236.702.698,81",0,"R$ 11,10","R$ 111,00","R$ 1.110,00"
GAME11,INDEFINIDO,"R$ 9,28","0,93","1,11%","216.606.162,93",0,"R$ 11,10","R$ 111,00","R$ 1.110,00"
NAVT11,PAPÉIS,"R$ 90,66","0,94","1,11%","101.895.545,43",0,"R$ 11,10","R$ 111,00","R$ 1.110,00"
AIEC11,LAJES CORPORATIVAS,"R$ 67,20","0,71","1,11%","456.945.283,72",2,"R$ 11,20","R$ 112,00","R$ 1.120,00"
HTMX11,HOTÉIS,"R$ 138,60","1,01","1,11%","206.160.754,38",23,"R$ 11,20","R$ 112,00","R$ 1.120,00"
APTO11,IMÓVEIS RESIDENCIAIS,"9,88","0,94","1,12%","42.128.729,72",4,"R$ 11,20","R$ 112,00","R$ 1.120,00"
FLCR11,PAPÉIS,"96,95","0,98","1,12%","62.640.460,13",0,"R$ 11,30","R$ 113,00","R$ 1.130,00"
VGHF11,MISTO,"R$ 9,57","1,02","1,12%","686.848.266,32",0,"R$ 11,30","R$ 113,00","R$ 1.130,00"
MANA11,INDEFINIDO,"R$ 9,70","0,98","1,13%","193.050.632,43",0,"R$ 11,30","R$ 113,00","R$ 1.130,00"
PORD11,PAPÉIS,"R$ 90,00","0,92","1,13%","365.594.845,54",0,"R$ 11,30","R$ 113,00","R$ 1.130,00"
BTCR11,PAPÉIS,"R$ 88,00","0,92","1,13%","458.252.683,73",0,"R$ 11,30","R$ 113,00","R$ 1.130,00"
JURO11,FUNDO DE DESENVOLVIMENTO,"R$ 107,79",N/A,"1,13%",N/A,0,"R$ 11,40","R$ 114,00","R$ 1.140,00"
MCHF11,PAPÉIS,"R$ 9,36","0,98","1,13%","309.582.364,03",0,"R$ 11,40","R$ 114,00","R$ 1.140,00"
IBCR11,PAPÉIS,"R$ 76,89","0,79","1,14%","92.854.574,52",0,"R$ 11,50","R$ 115,00","R$ 1.150,00"
HGCR11,PAPÉIS,"R$ 106,99","1,03","1,14%","1.598.887.163,80",0,"R$ 11,50","R$ 115,00","R$ 1.150,00"
BTAG11,INDEFINIDO,"R$ 95,77",N/A,"1,15%",N/A,0,"R$ 11,60","R$ 116,00","R$ 1.160,00"
HCHG11,PAPÉIS,"R$ 79,30","0,82","1,15%","116.507.246,83",0,"R$ 11,60","R$ 116,00","R$ 1.160,00"
KNCR11,PAPÉIS,"R$ 99,10","0,98","1,16%","5.758.807.700,20",0,"R$ 11,60","R$ 116,00","R$ 1.160,00"
MFII11,FUNDO DE DESENVOLVIMENTO,94,"0,93","1,16%","429.837.983,35",8,"R$ 11,60","R$ 116,00","R$ 1.160,00"
RRCI11,PAPÉIS,"R$ 82,42","0,89","1,16%","44.731.027,28",0,"R$ 11,60","R$ 116,00","R$ 1.160,00"
RURA11,MISTO,"R$ 10,48",N/A,"1,16%",N/A,0,"R$ 11,60","R$ 116,00","R$ 1.160,00"
SADI11,PAPÉIS,"R$ 87,30","0,92","1,16%","147.342.238,32",0,"R$ 11,70","R$ 117,00","R$ 1.170,00"
TGAR11,FUNDO DE DESENVOLVIMENTO,"123,19","1,04","1,16%","1.626.948.102,10",8,"R$ 11,70","R$ 117,00","R$ 1.170,00"
BBFI11B,LAJES CORPORATIVAS,"R$ 991,00","0,46","1,17%","279.197.329,42",2,"R$ 11,80","R$ 118,00","R$ 1.180,00"
VOTS11,PAPÉIS,"R$ 82,56","0,88","1,17%","77.851.965,30",0,"R$ 11,80","R$ 118,00","R$ 1.180,00"
RBRY11,PAPÉIS,"R$ 101,69","1,03","1,18%","548.266.353,36",0,"R$ 11,80","R$ 118,00","R$ 1.180,00"
GCRI11,PAPÉIS,"R$ 89,47","0,93","1,18%","139.469.473,13",0,"R$ 11,80","R$ 118,00","R$ 1.180,00"
CYCR11,INDEFINIDO,"9,33","0,95","1,18%","160.669.268,87",0,"R$ 11,80","R$ 118,00","R$ 1.180,00"
MORC11,PAPÉIS,92,"0,92","1,18%","189.941.494,30",0,"R$ 11,80","R$ 118,00","R$ 1.180,00"
MGHT11,HOTÉIS,"64,78","0,74","1,18%","114.995.993,58",1,"R$ 11,90","R$ 119,00","R$ 1.190,00"
WSEC11,INDEFINIDO,"R$ 86,55","0,86","1,18%","24.675.438,15",0,"R$ 11,90","R$ 119,00","R$ 1.190,00"
PLCR11,PAPÉIS,"R$ 91,21","0,98","1,19%","196.200.010,00",0,"R$ 11,90","R$ 119,00","R$ 1.190,00"
HCRI11,HOSPITALAR,"R$ 299,64","0,97","1,19%","61.655.370,00",1,"R$ 12,00","R$ 120,00","R$ 1.200,00"
PLCA11,INDEFINIDO,"R$ 90,00","0,88","1,19%","52.908.566,97",0,"R$ 12,10","R$ 121,00","R$ 1.210,00"
BROF11,LAJES CORPORATIVAS,"R$ 67,10","0,63","1,20%","1.232.813.903,40",2,"R$ 12,10","R$ 121,00","R$ 1.210,00"
KNCA11,INDEFINIDO,"R$ 105,71","1,05","1,21%","1.441.823.009,54",0,"R$ 12,10","R$ 121,00","R$ 1.210,00"
SNAG11,PAPÉIS,"10,40","0,1","1,21%","302.563.337,00",0,"R$ 12,10","R$ 121,00","R$ 1.210,00"
RINV11,INDEFINIDO,"111,05","1,01","1,21%","33.025.681,79",0,"R$ 12,20","R$ 122,00","R$ 1.220,00"
LIFE11,IMÓVEIS COMERCIAIS - OUTROS,"R$ 10,07","0,99","1,21%","225.803.060,11",0,"R$ 12,20","R$ 122,00","R$ 1.220,00"
BNFS11,AGÊNCIAS DE BANCOS,"R$ 122,06","1,33","1,22%","64.243.804,66",18,"R$ 12,40","R$ 124,00","R$ 1.240,00"
RPRI11,PAPÉIS,"R$ 96,98","0,95","1,22%","229.002.305,38",0,"R$ 12,40","R$ 124,00","R$ 1.240,00"
HABT11,PAPÉIS,"93,72","0,94","1,24%","806.636.236,32",0,"R$ 12,40","R$ 124,00","R$ 1.240,00"
BBGO11,INDEFINIDO,"91,64","0,84","1,24%","392.550.389,63",0,"R$ 12,40","R$ 124,00","R$ 1.240,00"
PEMA11,PAPÉIS,"R$ 37,50","0,51","1,24%","40.473.090,64",0,"R$ 12,40","R$ 124,00","R$ 1.240,00"
OURE11,MISTO,"R$ 81,89","0,89","1,24%","99.426.694,47",4,"R$ 12,40","R$ 124,00","R$ 1.240,00"
NCHB11,PAPÉIS,"R$ 84,01","0,91","1,24%","155.903.400,38",0,"R$ 12,50","R$ 125,00","R$ 1.250,00"
OUJP11,PAPÉIS,"R$ 101,37","1,03","1,24%","321.102.643,06",0,"R$ 12,50","R$ 125,00","R$ 1.250,00"
ARRI11,PAPÉIS,"8,8","0,98","1,25%","117.478.338,91",0,"R$ 12,50","R$ 125,00","R$ 1.250,00"
GCRA11,INDEFINIDO,"R$ 91,20","0,95","1,25%","171.608.604,07",0,"R$ 12,60","R$ 126,00","R$ 1.260,00"
RBHG11,PAPÉIS,"R$ 88,87","0,97","1,25%","158.729.718,92",0,"R$ 12,60","R$ 126,00","R$ 1.260,00"
URPR11,PAPÉIS,"R$ 96,26","0,96","1,26%","1.167.835.850,29",0,"R$ 12,70","R$ 127,00","R$ 1.270,00"
GRWA11,INDEFINIDO,"R$ 10,44","1,03","1,26%","12.843.636,12",0,"R$ 12,70","R$ 127,00","R$ 1.270,00"
RBHY11,PAPÉIS,"R$ 96,50","1,03","1,27%","177.423.742,33",0,"R$ 12,80","R$ 128,00","R$ 1.280,00"
VGIR11,PAPÉIS,"R$ 9,85","1,02","1,27%","995.247.970,32",0,"R$ 12,80","R$ 128,00","R$ 1.280,00"
VCRI11,PAPÉIS,"R$ 8,42","0,87","1,28%","171.490.682,95",0,"R$ 12,80","R$ 128,00","R$ 1.280,00"
DCRA11,MISTO,"R$ 9,33",N/A,"1,28%",N/A,0,"R$ 12,90","R$ 129,00","R$ 1.290,00"
OGHY11,INDEFINIDO,"R$ 10,30","1,06","1,28%","20.112.928,05",0,"R$ 12,90","R$ 129,00","R$ 1.290,00"
JGPX11,INDEFINIDO,"R$ 102,75",1,"1,29%","81.784.381,54",0,"R$ 12,90","R$ 129,00","R$ 1.290,00"
CDII11,INDEFINIDO,"R$ 105,88",N/A,"1,29%",N/A,0,"R$ 13,00","R$ 130,00","R$ 1.300,00"
VCRA11,INDEFINIDO,"R$ 95,12","0,98","1,29%","471.373.746,60",0,"R$ 13,10","R$ 131,00","R$ 1.310,00"
RZAG11,INDEFINIDO,"9,66","0,98","1,30%","647.813.930,73",0,"R$ 13,10","R$ 131,00","R$ 1.310,00"
VGIA11,INDEFINIDO,"R$ 9,41",1,"1,31%","821.089.744,86",0,"R$ 13,20","R$ 132,00","R$ 1.320,00"
IAAG11,INDEFINIDO,"9,90","1,03","1,31%","52.456.629,44",0,"R$ 13,20","R$ 132,00","R$ 1.320,00"
AGRX11,OUTROS,"R$ 10,84",N/A,"1,32%",N/A,0,"R$ 13,20","R$ 132,00","R$ 1.320,00"
XPCA11,INDEFINIDO,"R$ 9,49","1,04","1,32%","317.410.269,39",0,"R$ 13,30","R$ 133,00","R$ 1.330,00"
AAZQ11,INDEFINIDO,"R$ 9,30","1,01","1,32%","230.646.828,88",0,"R$ 13,50","R$ 135,00","R$ 1.350,00"
BDIF11,FUNDO DE DESENVOLVIMENTO,"R$ 97,79",N/A,"1,33%",N/A,0,"R$ 13,60","R$ 136,00","R$ 1.360,00"
JPPA11,PAPÉIS,"R$ 99,97","1,01","1,35%","89.773.410,62",0,"R$ 13,60","R$ 136,00","R$ 1.360,00"
RZAK11,PAPÉIS,"92,97",1,"1,36%","821.461.572,67",0,"R$ 13,80","R$ 138,00","R$ 1.380,00"
OIAG11,INDEFINIDO,"R$ 9,68","0,98","1,36%","88.407.370,91",0,"R$ 13,90","R$ 139,00","R$ 1.390,00"
FGAA11,INDEFINIDO,"R$ 10,14","1,01","1,38%","326.955.560,01",0,"R$ 14,00","R$ 140,00","R$ 1.400,00"
RBRX11,INDEFINIDO,"R$ 93,66","0,97","1,39%","181.866.175,50",0,"R$ 14,10","R$ 141,00","R$ 1.410,00"
NCRA11,INDEFINIDO,"R$ 11,00","0,97","1,40%","43.087.632,24",0,"R$ 14,10","R$ 141,00","R$ 1.410,00"
CACR11,PAPÉIS,"R$ 104,90","1,01","1,41%","186.873.763,85",0,"R$ 14,10","R$ 141,00","R$ 1.410,00"
CRAA11,INDEFINIDO,"R$ 102,64","1,01","1,41%","50.166.549,21",0,"R$ 14,30","R$ 143,00","R$ 1.430,00"
CPTR11,INDEFINIDO,"R$ 96,99","0,97","1,41%","407.099.622,50",0,"R$ 14,30","R$ 143,00","R$ 1.430,00"
MCHY11,PAPÉIS,"R$ 110,76","1,1","1,43%","362.523.112,28",0,"R$ 14,50","R$ 145,00","R$ 1.450,00"
LSAG11,MISTO,"104,14",N/A,"1,43%",N/A,0,"R$ 14,60","R$ 146,00","R$ 1.460,00"
VVRI11,INDEFINIDO,"R$ 99,99","1,04","1,45%","38.565.153,26",1,"R$ 14,90","R$ 149,00","R$ 1.490,00"
KIVO11,PAPÉIS,"R$ 92,13","0,98","1,46%","114.628.473,72",0,"R$ 16,50","R$ 165,00","R$ 1.650,00"
RBOP11,LAJES CORPORATIVAS,"R$ 308,20","0,36","1,49%","86.309.331,29",2,"R$ 18,90","R$ 189,00","R$ 1.890,00"
SRVD11,INDEFINIDO,"R$ 3,00",583,"1,65%","-647.694,94",0,"R$ 19,00","R$ 190,00","R$ 1.900,00"
CXTL11,IMÓVEIS INDUSTRIAIS E LOGÍSTICOS,"R$ 294,00","0,71","1,89%","22.235.708,87",1,"R$ 19,10","R$ 191,00","R$ 1.910,00"
FZDA11,INDEFINIDO,"R$ 120,01","1,17","1,90%","158.007.687,28",0,"R$ 20,10","R$ 201,00","R$ 2.010,00"
CPSH11,INDEFINIDO,119,"1,03","1,91%","259.904.912,03",1,"R$ 21,00","R$ 210,00","R$ 2.100,00"
EQIR11,INDEFINIDO,"R$ 9,63","0,97","2,01%","49.815.807,79",0,"R$ 25,80","R$ 258,00","R$ 2.580,00"
CJCT11,LAJES CORPORATIVAS,"R$ 67,99","1,03","2,10%","207.716.568,66",1,"R$ 26,20","R$ 262,00","R$ 2.620,00"
EGAF11,INDEFINIDO,"99,75","1,03","2,58%","109.513.479,76",0,"R$ 26,40","R$ 264,00","R$ 2.640,00"
NEWU11,LAJES CORPORATIVAS,"R$ 73,01","1,06","2,62%","51.239.153,98",3,"R$ 28,70","R$ 287,00","R$ 2.870,00"
KINP11,FUNDO DE DESENVOLVIMENTO,"R$ 9,82","2,66","2,64%","26.408.606,84",0,"R$ 35,70","R$ 357,00","R$ 3.570,00"
RNDP11,PAPÉIS,"R$ 148,98","0,83","2,87%","19.296.802,91",0,"R$ 40,70","R$ 407,00","R$ 4.070,00"
IDFI11,INDEFINIDO,"R$ 28,80","0,78","3,57%","75.681.695,16",2,"R$ 40,70","R$ 407,00","R$ 4.070,00"
RDPD11,PAPÉIS,"R$ 22,96","1,06","4,07%","24.085.452,18",0,"R$ 48,00","R$ 480,00","R$ 4.800,00"
VVCR11,PAPÉIS,"R$ 22,98","1,03","4,07%","24.085.452,18",0,"R$ 57,10","R$ 571,00","R$ 5.710,00"
BRIP11,FUNDO DE DESENVOLVIMENTO,"R$ 950,01","0,81","4,80%","254.255.052,75",10,"R$ 115,40","R$ 1.154,00","R$ 11.540,00"
RBDS11,FUNDO DE DESENVOLVIMENTO,"R$ 2,60","0,12","5,71%","2.845.189,29",0,"R$ 148,70","R$ 1.487,00","R$ 14.870,00"
VSEC11,PAPÉIS,"R$ 0,21","0,07","11,54%","195.500,80",0,"R$ 158,20","R$ 1.582,00","R$ 15.820,00"
KNRE11,FUNDO DE DESENVOLVIMENTO,"R$ 0,56","0,74","14,87%","14.029.570,91",1,"R$ 628,70","R$ 6.287,00","R$ 62.870,00"
LOFT11B,FUNDO DE DESENVOLVIMENTO,"R$ 29,90","2,49","15,82%","23.584.469,65",16,"R$ 0,00","R$ 0,00","R$ 0,00"
VVCO11,LAJES CORPORATIVAS,"R$ 12,79","0,91","62,87%","70.250.520,08",1,"R$ 0,00","R$ 0,00","R$ 0,00"
ALMI11,LAJES CORPORATIVAS,"773,95","0,38","0,00%","225.793.787,83",1,"R$ 0,00",,
AROA11,IMÓVEIS INDUSTRIAIS E LOGÍSTICOS,N/A,N/A,"0,00%","172.335.466,72",6,"R$ 0,00","R$ 0,00","R$ 0,00"
ARXD11,PAPÉIS,102,"1,01","0,00%","49.935.288,14",0,"R$ 0,00",,
ASRF11,INDEFINIDO,N/A,N/A,"0,00%","23.993.347,80",0,"R$ 0,00",,
AURB11,IMÓVEIS COMERCIAIS - OUTROS,N/A,N/A,"0,00%","73.036.842,34",2,"R$ 0,00","R$ 0,00","R$ 0,00"
BBIM11,PAPÉIS,N/A,N/A,"0,00%","32.454.158,63",0,"R$ 0,00","R$ 0,00","R$ 0,00"
BIPD11,INDEFINIDO,N/A,N/A,"0,00%","48.311.723,30",0,"R$ 0,00","R$ 0,00","R$ 0,00"
BLMO11,LAJES CORPORATIVAS,"R$ 18.898,00","0,57","0,00%","126.764.811,09",1,"R$ 0,00","R$ 0,00","R$ 0,00"
BPLC11,MISTO,N/A,N/A,"0,00%","317.118.954,13",1,"R$ 0,00","R$ 0,00","R$ 0,00"
BTSI11,MISTO,"104,00","0,85","0,00%","257.872.154,20",2,"R$ 0,00",,
BTWR11,FUNDO DE DESENVOLVIMENTO,107,"0,96","0,00%","90.558.210,00",1,"R$ 0,00",,
BZEL11,MISTO,N/A,N/A,N/A,"415.436.735,50",0,#VALUE!,#VALUE!,#VALUE!
CFHI11,FUNDO DE DESENVOLVIMENTO,N/A,N/A,"0,00%","61.416.447,92",2,"R$ 0,00",,
CPFO11,FUNDO DE FUNDOS,N/A,N/A,N/A,"89.099.931,59",0,#VALUE!,#VALUE!,#VALUE!
CSMC11,INDEFINIDO,N/A,N/A,"0,00%","551.123.998,20",5,"R$ 0,00","R$ 0,00","R$ 0,00"
CVPR11,INDEFINIDO,N/A,N/A,"0,00%","14.081.160,90",0,"R$ 0,00",,
DLMT11,VAREJO,N/A,N/A,"0,00%","8.509.714,12",5,"R$ 0,00",,
EQIA11,FIAGRO,N/A,N/A,N/A,N/A,0,#VALUE!,#VALUE!,#VALUE!
ERCR11,VAREJO,"R$ 76.000,00","1,33",N/A,"135.700.836,15",0,#VALUE!,#VALUE!,#VALUE!
EXES11,INDEFINIDO,"R$ 88,00","0,95","0,00%","44.225.425,80",0,"R$ 0,00","R$ 0,00","R$ 0,00"
FISC11,LAJES CORPORATIVAS,"R$ 165,00","1,43","0,00%","195.865.393,97",5,"R$ 0,00","R$ 0,00","R$ 0,00"
FRHY11,INDEFINIDO,N/A,N/A,"0,00%","9.021.142,22",0,"R$ 0,00","R$ 0,00","R$ 0,00"
GCOI11,N/A,N/A,N/A,"0,00%",N/A,0,"R$ 0,00","R$ 0,00","R$ 0,00"
GESE11B,EDUCACIONAL,"R$ 1.520,00","0,86","0,00%","91.597.974,62",1,"R$ 0,00","R$ 0,00","R$ 0,00"
GTLG11,IMÓVEIS INDUSTRIAIS E LOGÍSTICOS,"R$ 63,99","1,06",N/A,"434.811.690,70",5,#VALUE!,#VALUE!,#VALUE!
HDEL11,IMÓVEIS INDUSTRIAIS E LOGÍSTICOS,"R$ 106,09","1,25","0,00%","42.749.917,75",0,"R$ 0,00","R$ 0,00","R$ 0,00"
HILG11,INDEFINIDO,N/A,N/A,"0,00%","94.355.040,81",0,"R$ 0,00","R$ 0,00","R$ 0,00"
HRDF11,FUNDO DE DESENVOLVIMENTO,"R$ 4,50","0,73",N/A,"9.298.063,48",0,#VALUE!,#VALUE!,#VALUE!
JASC11,IMÓVEIS COMERCIAIS - OUTROS,"R$ 100,00","0,97","0,00%","279.182.856,28",12,"R$ 0,00","R$ 0,00","R$ 0,00"
JBFO11,PAPÉIS,"R$ 87,00","0,98","0,00%","113.272.773,06",0,"R$ 0,00","R$ 0,00","R$ 0,00"
JRDM11,SHOPPINGS,"R$ 85,90","0,97",N/A,"224.143.181,16",1,#VALUE!,#VALUE!,#VALUE!
KNPR11,INDEFINIDO,N/A,N/A,"0,00%","59.836.399,52",0,"R$ 0,00","R$ 0,00","R$ 0,00"
KNUQ11,INDEFINIDO,N/A,N/A,"0,00%","195.202.048,33",0,"R$ 0,00","R$ 0,00","R$ 0,00"
LAVF11,INDEFINIDO,N/A,N/A,"0,00%","116.243,80",0,"R$ 0,00","R$ 0,00","R$ 0,00"
LFTT11,PAPÉIS,"R$ 46,00","1,79",N/A,"190.205.057,21",250,#VALUE!,#VALUE!,#VALUE!
LLAO11,MISTO,N/A,N/A,N/A,"34.385.610,06",16,#VALUE!,#VALUE!,#VALUE!
LPLP11,INDEFINIDO,N/A,N/A,N/A,"127.425.321,59",0,#VALUE!,,
LSPA11,PAPÉIS,"R$ 102,00","0,89","0,00%","46.257.916,55",0,"R$ 0,00","R$ 0,00","R$ 0,00"
MBRF11,LAJES CORPORATIVAS,N/A,N/A,"0,00%",N/A,0,"R$ 0,00","R$ 0,00","R$ 0,00"
MGRI11,INDEFINIDO,N/A,N/A,"0,00%","23.233.113,90",1,"R$ 0,00","R$ 0,00","R$ 0,00"
MMPD11,INDEFINIDO,N/A,N/A,"0,00%","58.680.032,62",0,"R$ 0,00","R$ 0,00","R$ 0,00"
NVIF11B,FUNDO DE DESENVOLVIMENTO,"R$ 227,50","0,62","0,00%","123.817.172,28",2,"R$ 0,00","R$ 0,00","R$ 0,00"
ORPD11,FUNDO DE DESENVOLVIMENTO,93,"0,63","0,00%","42.524.987,27",0,"R$ 0,00",,
PABY11,FUNDO DE DESENVOLVIMENTO,24,N/A,N/A,"-14.548.034,91",15,#VALUE!,,
PATB11,LAJES CORPORATIVAS,N/A,N/A,"0,00%","645.120.405,08",3,"R$ 0,00",,
PATC11,FUNDO DE DESENVOLVIMENTO,"R$ 71,53","0,98",N/A,"254.830.960,26",7,#VALUE!,#VALUE!,#VALUE!
PNDL11,FUNDO DE DESENVOLVIMENTO,"R$ 1.291,99","1,29","0,00%","96.114.096,00",0,"R$ 0,00","R$ 0,00","R$ 0,00"
PNRC11,N/A,N/A,N/A,"0,00%",N/A,0,"R$ 0,00","R$ 0,00","R$ 0,00"
PRSV11,LAJES CORPORATIVAS,"R$ 85,19","0,4",N/A,"41.214.748,37",1,#VALUE!,#VALUE!,#VALUE!
PRTS11,SHOPPINGS,"R$ 117,70","1.961,67",N/A,"3.111.607,44",2,#VALUE!,#VALUE!,#VALUE!
RBCO11,LAJES CORPORATIVAS,N/A,N/A,"0,00%",N/A,0,"R$ 0,00","R$ 0,00","R$ 0,00"
RBRI11,FUNDO DE DESENVOLVIMENTO,915,"0,77",N/A,"162.915.520,16",0,#VALUE!,,
RBRM11,FUNDO DE DESENVOLVIMENTO,"R$ 94.794,81","3,44","0,00%","14.848.062,96",0,"R$ 0,00","R$ 0,00","R$ 0,00"
RBTS11,FUNDO DE DESENVOLVIMENTO,"R$ 1.121,00","1,37","0,00%","46.273.696,75",0,"R$ 0,00","R$ 0,00","R$ 0,00"
REIT11,PAPÉIS,"R$ 190,00","0,65","0,00%","7.659.273,22",0,"R$ 0,00","R$ 0,00","R$ 0,00"
ROOF11,FUNDO DE DESENVOLVIMENTO,"R$ 500,00","0,84","0,00%","45.918.329,95",76,"R$ 0,00","R$ 0,00","R$ 0,00"
RSPD11,FUNDO DE DESENVOLVIMENTO,"1.125,00","0,98","0,00%","170.687.461,60",0,"R$ 0,00",,
SHOP11,SHOPPINGS,"R$ 68,00","1,43",N/A,"70.340.719,59",1,#VALUE!,#VALUE!,#VALUE!
SHSO11,INDEFINIDO,N/A,N/A,"0,00%","19.923.047,67",0,"R$ 0,00","R$ 0,00","R$ 0,00"
SIGR11,INDEFINIDO,"R$ 100,00","0,97","0,00%","40.045.547,93",0,"R$ 0,00","R$ 0,00","R$ 0,00"
SOLR11,IMÓVEIS COMERCIAIS - OUTROS,"R$ 1.128,06","1,18","0,00%","59.920.468,57",1,"R$ 0,00","R$ 0,00","R$ 0,00"
SPMO11,INDEFINIDO,"R$ 99,00","0,79","0,00%","226.243.719,24",0,"R$ 0,00","R$ 0,00","R$ 0,00"
SPVJ11,SHOPPINGS,N/A,N/A,"0,00%","737.079.305,24",15,"R$ 0,00","R$ 0,00","R$ 0,00"
STRX11,FUNDO DE DESENVOLVIMENTO,"8,52","0,05","0,00%","264.687.656,20",3,"R$ 0,00",,
TCPF11,MISTO,"R$ 1,26","0,01","0,00%","37.245.835,78",0,"R$ 0,00","R$ 0,00","R$ 0,00"
VIDS11,FUNDO DE DESENVOLVIMENTO,N/A,N/A,"0,00%","81.713.923,88",0,"R$ 0,00","R$ 0,00","R$ 0,00"
VJFD11,PAPÉIS,N/A,N/A,"0,00%","664.817.502,79",39,"R$ 0,00","R$ 0,00","R$ 0,00"
VLIQ11,INDEFINIDO,N/A,N/A,"0,00%",N/A,0,"R$ 0,00","R$ 0,00","R$ 0,00"
VLOL11,LAJES CORPORATIVAS,"R$ 98,00","0,88",N/A,"198.219.080,15",1,#VALUE!,#VALUE!,#VALUE!
VTPL11,PAPÉIS,N/A,N/A,"0,00%","106.790.661,38",2,"R$ 0,00","R$ 0,00","R$ 0,00"
VXXV11,FUNDO DE DESENVOLVIMENTO,"1.030,00","0,96","0,00%","285.710.669,37",2,"R$ 0,00",,
XPHT11,HOTÉIS,"R$ 123,00","2,21",N/A,"607.450.694,60",12,#VALUE!,#VALUE!,#VALUE!
XTED11,LAJES CORPORATIVAS,"8,82","0,68",N/A,"67.378.204,04",1,#VALUE!,,
YUFI11B,INDEFINIDO,N/A,N/A,"0,00%",N/A,0,"R$ 0,00","R$ 0,00","R$ 0,00"
ZIFI11,FUNDO DE DESENVOLVIMENTO,898,"0,74","0,00%","57.257.472,65",0,"R$ 0,00",,